﻿{"groups":[{"Properties":{"name":"ENTERPRISE DOMAIN CONTROLLERS@IPA.CORP","domain":"IPA.CORP"},"Members":[{"MemberId":"S-1-5-21-2539480054-1295127492-563874694-46959","MemberType":"Computer"},{"MemberId":"S-1-5-21-2539480054-1295127492-563874694-56298","MemberType":"Computer"},{"MemberId":"S-1-5-21-2539480054-1295127492-563874694-55389","MemberType":"Computer"},{"MemberId":"S-1-5-21-2539480054-1295127492-563874694-49513","MemberType":"Computer"},{"MemberId":"S-1-5-21-2539480054-1295127492-563874694-56936","MemberType":"Computer"},{"MemberId":"S-1-5-21-2539480054-1295127492-563874694-51940","MemberType":"Computer"},{"MemberId":"S-1-5-21-2539480054-1295127492-563874694-49512","MemberType":"Computer"},{"MemberId":"S-1-5-21-2539480054-1295127492-563874694-72913","MemberType":"Computer"}],"ObjectIdentifier":"IPA.CORP-S-1-5-9","Aces":[]},{"Properties":{"name":"EVERYONE@IPA.CORP"},"Members":[{"MemberId":"S-1-5-21-2539480054-1295127492-563874694-515","MemberType":"Group"},{"MemberId":"S-1-5-21-2539480054-1295127492-563874694-513","MemberType":"Group"}],"ObjectIdentifier":"IPA.CORP-S-1-1-0","Aces":[]},{"Properties":{"name":"AUTHENTICATED USERS@IPA.CORP"},"Members":[{"MemberId":"S-1-5-21-2539480054-1295127492-563874694-515","MemberType":"Group"},{"MemberId":"S-1-5-21-2539480054-1295127492-563874694-513","MemberType":"Group"}],"ObjectIdentifier":"IPA.CORP-S-1-5-11","Aces":[]}],"meta":{"count":3,"type":"groups","version":3}}